Domain Code;Domain;Area Code (M49);Area;Element Code;Element;Item Code;Item;Year Code;Year;Unit;Value
CAHD;Cost and Affordability of a Healthy Diet (CoAHD);8;Albania;6226;Value;7004;Cost of a healthy diet (PPP dollar per person per day);2021;2021;PPP dollar per person per day;4.388
CAHD;Cost and Affordability of a Healthy Diet (CoAHD);8;Albania;6121;Value;7005;Percentage of the population unable to afford a healthy diet (percent);2021;2021;%;15.9
CAHD;Cost and Affordability of a Healthy Diet (CoAHD);12;Algeria;6226;Value;7004;Cost of a healthy diet (PPP dollar per person per day);2021;2021;PPP dollar per person per day;4.043
CAHD;Cost and Affordability of a Healthy Diet (CoAHD);12;Algeria;6121;Value;7005;Percentage of the population unable to afford a healthy diet (percent);2021;2021;%;32.4
CAHD;Cost and Affordability of a Healthy Diet (CoAHD);24;Angola;6226;Value;7004;Cost of a healthy diet (PPP dollar per person per day);2021;2021;PPP dollar per person per day;5.031
CAHD;Cost and Affordability of a Healthy Diet (CoAHD);24;Angola;6121;Value;7005;Percentage of the population unable to afford a healthy diet (percent);2021;2021;%;88.1
CAHD;Cost and Affordability of a Healthy Diet (CoAHD);28;Antigua and Barbuda;6226;Value;7004;Cost of a healthy diet (PPP dollar per person per day);2021;2021;PPP dollar per person per day;4.684
CAHD;Cost and Affordability of a Healthy Diet (CoAHD);28;Antigua and Barbuda;6121;Value;7005;Percentage of the population unable to afford a healthy diet (percent);2021;2021;%;
CAHD;Cost and Affordability of a Healthy Diet (CoAHD);32;Argentina;6226;Value;7004;Cost of a healthy diet (PPP dollar per person per day);2021;2021;PPP dollar per person per day;
CAHD;Cost and Affordability of a Healthy Diet (CoAHD);32;Argentina;6121;Value;7005;Percentage of the population unable to afford a healthy diet (percent);2021;2021;%;
CAHD;Cost and Affordability of a Healthy Diet (CoAHD);51;Armenia;6226;Value;7004;Cost of a healthy diet (PPP dollar per person per day);2021;2021;PPP dollar per person per day;3.527
CAHD;Cost and Affordability of a Healthy Diet (CoAHD);51;Armenia;6121;Value;7005;Percentage of the population unable to afford a healthy diet (percent);2021;2021;%;41.4
CAHD;Cost and Affordability of a Healthy Diet (CoAHD);533;Aruba;6226;Value;7004;Cost of a healthy diet (PPP dollar per person per day);2021;2021;PPP dollar per person per day;4.116
CAHD;Cost and Affordability of a Healthy Diet (CoAHD);533;Aruba;6121;Value;7005;Percentage of the population unable to afford a healthy diet (percent);2021;2021;%;
CAHD;Cost and Affordability of a Healthy Diet (CoAHD);36;Australia;6226;Value;7004;Cost of a healthy diet (PPP dollar per person per day);2021;2021;PPP dollar per person per day;2.437
CAHD;Cost and Affordability of a Healthy Diet (CoAHD);36;Australia;6121;Value;7005;Percentage of the population unable to afford a healthy diet (percent);2021;2021;%;0.7
CAHD;Cost and Affordability of a Healthy Diet (CoAHD);40;Austria;6226;Value;7004;Cost of a healthy diet (PPP dollar per person per day);2021;2021;PPP dollar per person per day;3.027
CAHD;Cost and Affordability of a Healthy Diet (CoAHD);40;Austria;6121;Value;7005;Percentage of the population unable to afford a healthy diet (percent);2021;2021;%;0.9
CAHD;Cost and Affordability of a Healthy Diet (CoAHD);31;Azerbaijan;6226;Value;7004;Cost of a healthy diet (PPP dollar per person per day);2021;2021;PPP dollar per person per day;2.69
CAHD;Cost and Affordability of a Healthy Diet (CoAHD);31;Azerbaijan;6121;Value;7005;Percentage of the population unable to afford a healthy diet (percent);2021;2021;%;0
CAHD;Cost and Affordability of a Healthy Diet (CoAHD);44;Bahamas;6226;Value;7004;Cost of a healthy diet (PPP dollar per person per day);2021;2021;PPP dollar per person per day;4.661
CAHD;Cost and Affordability of a Healthy Diet (CoAHD);44;Bahamas;6121;Value;7005;Percentage of the population unable to afford a healthy diet (percent);2021;2021;%;
CAHD;Cost and Affordability of a Healthy Diet (CoAHD);48;Bahrain;6226;Value;7004;Cost of a healthy diet (PPP dollar per person per day);2021;2021;PPP dollar per person per day;4.036
CAHD;Cost and Affordability of a Healthy Diet (CoAHD);48;Bahrain;6121;Value;7005;Percentage of the population unable to afford a healthy diet (percent);2021;2021;%;
CAHD;Cost and Affordability of a Healthy Diet (CoAHD);50;Bangladesh;6226;Value;7004;Cost of a healthy diet (PPP dollar per person per day);2021;2021;PPP dollar per person per day;3.201
CAHD;Cost and Affordability of a Healthy Diet (CoAHD);50;Bangladesh;6121;Value;7005;Percentage of the population unable to afford a healthy diet (percent);2021;2021;%;66.1
CAHD;Cost and Affordability of a Healthy Diet (CoAHD);112;Belarus;6226;Value;7004;Cost of a healthy diet (PPP dollar per person per day);2021;2021;PPP dollar per person per day;3.471
CAHD;Cost and Affordability of a Healthy Diet (CoAHD);112;Belarus;6121;Value;7005;Percentage of the population unable to afford a healthy diet (percent);2021;2021;%;0.5
CAHD;Cost and Affordability of a Healthy Diet (CoAHD);56;Belgium;6226;Value;7004;Cost of a healthy diet (PPP dollar per person per day);2021;2021;PPP dollar per person per day;3.125
CAHD;Cost and Affordability of a Healthy Diet (CoAHD);56;Belgium;6121;Value;7005;Percentage of the population unable to afford a healthy diet (percent);2021;2021;%;0.1
CAHD;Cost and Affordability of a Healthy Diet (CoAHD);84;Belize;6226;Value;7004;Cost of a healthy diet (PPP dollar per person per day);2021;2021;PPP dollar per person per day;2.797
CAHD;Cost and Affordability of a Healthy Diet (CoAHD);84;Belize;6121;Value;7005;Percentage of the population unable to afford a healthy diet (percent);2021;2021;%;53
CAHD;Cost and Affordability of a Healthy Diet (CoAHD);204;Benin;6226;Value;7004;Cost of a healthy diet (PPP dollar per person per day);2021;2021;PPP dollar per person per day;4.041
CAHD;Cost and Affordability of a Healthy Diet (CoAHD);204;Benin;6121;Value;7005;Percentage of the population unable to afford a healthy diet (percent);2021;2021;%;82.6
CAHD;Cost and Affordability of a Healthy Diet (CoAHD);60;Bermuda;6226;Value;7004;Cost of a healthy diet (PPP dollar per person per day);2021;2021;PPP dollar per person per day;3.395
CAHD;Cost and Affordability of a Healthy Diet (CoAHD);60;Bermuda;6121;Value;7005;Percentage of the population unable to afford a healthy diet (percent);2021;2021;%;
CAHD;Cost and Affordability of a Healthy Diet (CoAHD);64;Bhutan;6226;Value;7004;Cost of a healthy diet (PPP dollar per person per day);2021;2021;PPP dollar per person per day;5.339
CAHD;Cost and Affordability of a Healthy Diet (CoAHD);64;Bhutan;6121;Value;7005;Percentage of the population unable to afford a healthy diet (percent);2021;2021;%;45.2
CAHD;Cost and Affordability of a Healthy Diet (CoAHD);68;Bolivia;6226;Value;7004;Cost of a healthy diet (PPP dollar per person per day);2021;2021;PPP dollar per person per day;3.927
CAHD;Cost and Affordability of a Healthy Diet (CoAHD);68;Bolivia;6121;Value;7005;Percentage of the population unable to afford a healthy diet (percent);2021;2021;%;15.1
CAHD;Cost and Affordability of a Healthy Diet (CoAHD);70;Bosnia and Herzegovina;6226;Value;7004;Cost of a healthy diet (PPP dollar per person per day);2021;2021;PPP dollar per person per day;4.105
CAHD;Cost and Affordability of a Healthy Diet (CoAHD);70;Bosnia and Herzegovina;6121;Value;7005;Percentage of the population unable to afford a healthy diet (percent);2021;2021;%;3
CAHD;Cost and Affordability of a Healthy Diet (CoAHD);72;Botswana;6226;Value;7004;Cost of a healthy diet (PPP dollar per person per day);2021;2021;PPP dollar per person per day;3.829
CAHD;Cost and Affordability of a Healthy Diet (CoAHD);72;Botswana;6121;Value;7005;Percentage of the population unable to afford a healthy diet (percent);2021;2021;%;60.3
CAHD;Cost and Affordability of a Healthy Diet (CoAHD);76;Brazil;6226;Value;7004;Cost of a healthy diet (PPP dollar per person per day);2021;2021;PPP dollar per person per day;3.35
CAHD;Cost and Affordability of a Healthy Diet (CoAHD);76;Brazil;6121;Value;7005;Percentage of the population unable to afford a healthy diet (percent);2021;2021;%;22.4
CAHD;Cost and Affordability of a Healthy Diet (CoAHD);92;British Virgin Islands;6226;Value;7004;Cost of a healthy diet (PPP dollar per person per day);2021;2021;PPP dollar per person per day;3.425
CAHD;Cost and Affordability of a Healthy Diet (CoAHD);92;British Virgin Islands;6121;Value;7005;Percentage of the population unable to afford a healthy diet (percent);2021;2021;%;
CAHD;Cost and Affordability of a Healthy Diet (CoAHD);96;Brunei;6226;Value;7004;Cost of a healthy diet (PPP dollar per person per day);2021;2021;PPP dollar per person per day;4.641
CAHD;Cost and Affordability of a Healthy Diet (CoAHD);96;Brunei;6121;Value;7005;Percentage of the population unable to afford a healthy diet (percent);2021;2021;%;
CAHD;Cost and Affordability of a Healthy Diet (CoAHD);100;Bulgaria;6226;Value;7004;Cost of a healthy diet (PPP dollar per person per day);2021;2021;PPP dollar per person per day;4.151
CAHD;Cost and Affordability of a Healthy Diet (CoAHD);100;Bulgaria;6121;Value;7005;Percentage of the population unable to afford a healthy diet (percent);2021;2021;%;4.2
CAHD;Cost and Affordability of a Healthy Diet (CoAHD);854;Burkina Faso;6226;Value;7004;Cost of a healthy diet (PPP dollar per person per day);2021;2021;PPP dollar per person per day;3.611
CAHD;Cost and Affordability of a Healthy Diet (CoAHD);854;Burkina Faso;6121;Value;7005;Percentage of the population unable to afford a healthy diet (percent);2021;2021;%;77.6
CAHD;Cost and Affordability of a Healthy Diet (CoAHD);108;Burundi;6226;Value;7004;Cost of a healthy diet (PPP dollar per person per day);2021;2021;PPP dollar per person per day;3.138
CAHD;Cost and Affordability of a Healthy Diet (CoAHD);108;Burundi;6121;Value;7005;Percentage of the population unable to afford a healthy diet (percent);2021;2021;%;95.9
CAHD;Cost and Affordability of a Healthy Diet (CoAHD);132;Cape Verde;6226;Value;7004;Cost of a healthy diet (PPP dollar per person per day);2021;2021;PPP dollar per person per day;3.683
CAHD;Cost and Affordability of a Healthy Diet (CoAHD);132;Cape Verde;6121;Value;7005;Percentage of the population unable to afford a healthy diet (percent);2021;2021;%;41.2
CAHD;Cost and Affordability of a Healthy Diet (CoAHD);116;Cambodia;6226;Value;7004;Cost of a healthy diet (PPP dollar per person per day);2021;2021;PPP dollar per person per day;4.064
CAHD;Cost and Affordability of a Healthy Diet (CoAHD);116;Cambodia;6121;Value;7005;Percentage of the population unable to afford a healthy diet (percent);2021;2021;%;
CAHD;Cost and Affordability of a Healthy Diet (CoAHD);120;Cameroon;6226;Value;7004;Cost of a healthy diet (PPP dollar per person per day);2021;2021;PPP dollar per person per day;2.997
CAHD;Cost and Affordability of a Healthy Diet (CoAHD);120;Cameroon;6121;Value;7005;Percentage of the population unable to afford a healthy diet (percent);2021;2021;%;60.5
CAHD;Cost and Affordability of a Healthy Diet (CoAHD);124;Canada;6226;Value;7004;Cost of a healthy diet (PPP dollar per person per day);2021;2021;PPP dollar per person per day;3.065
CAHD;Cost and Affordability of a Healthy Diet (CoAHD);124;Canada;6121;Value;7005;Percentage of the population unable to afford a healthy diet (percent);2021;2021;%;0.4
CAHD;Cost and Affordability of a Healthy Diet (CoAHD);136;Cayman Islands;6226;Value;7004;Cost of a healthy diet (PPP dollar per person per day);2021;2021;PPP dollar per person per day;3.05
CAHD;Cost and Affordability of a Healthy Diet (CoAHD);136;Cayman Islands;6121;Value;7005;Percentage of the population unable to afford a healthy diet (percent);2021;2021;%;
CAHD;Cost and Affordability of a Healthy Diet (CoAHD);140;Central African Republic;6226;Value;7004;Cost of a healthy diet (PPP dollar per person per day);2021;2021;PPP dollar per person per day;3.784
CAHD;Cost and Affordability of a Healthy Diet (CoAHD);140;Central African Republic;6121;Value;7005;Percentage of the population unable to afford a healthy diet (percent);2021;2021;%;94.6
CAHD;Cost and Affordability of a Healthy Diet (CoAHD);148;Chad;6226;Value;7004;Cost of a healthy diet (PPP dollar per person per day);2021;2021;PPP dollar per person per day;2.941
CAHD;Cost and Affordability of a Healthy Diet (CoAHD);148;Chad;6121;Value;7005;Percentage of the population unable to afford a healthy diet (percent);2021;2021;%;83.1
CAHD;Cost and Affordability of a Healthy Diet (CoAHD);152;Chile;6226;Value;7004;Cost of a healthy diet (PPP dollar per person per day);2021;2021;PPP dollar per person per day;3.387
CAHD;Cost and Affordability of a Healthy Diet (CoAHD);152;Chile;6121;Value;7005;Percentage of the population unable to afford a healthy diet (percent);2021;2021;%;3.5
CAHD;Cost and Affordability of a Healthy Diet (CoAHD);344;China, Hong Kong SAR;6226;Value;7004;Cost of a healthy diet (PPP dollar per person per day);2021;2021;PPP dollar per person per day;4.718
CAHD;Cost and Affordability of a Healthy Diet (CoAHD);344;China, Hong Kong SAR;6121;Value;7005;Percentage of the population unable to afford a healthy diet (percent);2021;2021;%;
CAHD;Cost and Affordability of a Healthy Diet (CoAHD);156;China;6226;Value;7004;Cost of a healthy diet (PPP dollar per person per day);2021;2021;PPP dollar per person per day;2.96
CAHD;Cost and Affordability of a Healthy Diet (CoAHD);156;China;6121;Value;7005;Percentage of the population unable to afford a healthy diet (percent);2021;2021;%;10.9
CAHD;Cost and Affordability of a Healthy Diet (CoAHD);158;Taiwan;6226;Value;7004;Cost of a healthy diet (PPP dollar per person per day);2021;2021;PPP dollar per person per day;
CAHD;Cost and Affordability of a Healthy Diet (CoAHD);158;Taiwan;6121;Value;7005;Percentage of the population unable to afford a healthy diet (percent);2021;2021;%;
CAHD;Cost and Affordability of a Healthy Diet (CoAHD);170;Colombia;6226;Value;7004;Cost of a healthy diet (PPP dollar per person per day);2021;2021;PPP dollar per person per day;3.301
CAHD;Cost and Affordability of a Healthy Diet (CoAHD);170;Colombia;6121;Value;7005;Percentage of the population unable to afford a healthy diet (percent);2021;2021;%;31.3
CAHD;Cost and Affordability of a Healthy Diet (CoAHD);178;Congo;6226;Value;7004;Cost of a healthy diet (PPP dollar per person per day);2021;2021;PPP dollar per person per day;3.626
CAHD;Cost and Affordability of a Healthy Diet (CoAHD);178;Congo;6121;Value;7005;Percentage of the population unable to afford a healthy diet (percent);2021;2021;%;91.5
CAHD;Cost and Affordability of a Healthy Diet (CoAHD);188;Costa Rica;6226;Value;7004;Cost of a healthy diet (PPP dollar per person per day);2021;2021;PPP dollar per person per day;3.925
CAHD;Cost and Affordability of a Healthy Diet (CoAHD);188;Costa Rica;6121;Value;7005;Percentage of the population unable to afford a healthy diet (percent);2021;2021;%;14.2
CAHD;Cost and Affordability of a Healthy Diet (CoAHD);384;Côte d'Ivoire;6226;Value;7004;Cost of a healthy diet (PPP dollar per person per day);2021;2021;PPP dollar per person per day;3.909
CAHD;Cost and Affordability of a Healthy Diet (CoAHD);384;Côte d'Ivoire;6121;Value;7005;Percentage of the population unable to afford a healthy diet (percent);2021;2021;%;72.9
CAHD;Cost and Affordability of a Healthy Diet (CoAHD);191;Croatia;6226;Value;7004;Cost of a healthy diet (PPP dollar per person per day);2021;2021;PPP dollar per person per day;4.29
CAHD;Cost and Affordability of a Healthy Diet (CoAHD);191;Croatia;6121;Value;7005;Percentage of the population unable to afford a healthy diet (percent);2021;2021;%;1.8
CAHD;Cost and Affordability of a Healthy Diet (CoAHD);531;Curaçao;6226;Value;7004;Cost of a healthy diet (PPP dollar per person per day);2021;2021;PPP dollar per person per day;3.495
CAHD;Cost and Affordability of a Healthy Diet (CoAHD);531;Curaçao;6121;Value;7005;Percentage of the population unable to afford a healthy diet (percent);2021;2021;%;
CAHD;Cost and Affordability of a Healthy Diet (CoAHD);196;Cyprus;6226;Value;7004;Cost of a healthy diet (PPP dollar per person per day);2021;2021;PPP dollar per person per day;2.955
CAHD;Cost and Affordability of a Healthy Diet (CoAHD);196;Cyprus;6121;Value;7005;Percentage of the population unable to afford a healthy diet (percent);2021;2021;%;0
CAHD;Cost and Affordability of a Healthy Diet (CoAHD);203;Czechia;6226;Value;7004;Cost of a healthy diet (PPP dollar per person per day);2021;2021;PPP dollar per person per day;2.985
CAHD;Cost and Affordability of a Healthy Diet (CoAHD);203;Czechia;6121;Value;7005;Percentage of the population unable to afford a healthy diet (percent);2021;2021;%;0.1
CAHD;Cost and Affordability of a Healthy Diet (CoAHD);180;Democratic Republic of the Congo;6226;Value;7004;Cost of a healthy diet (PPP dollar per person per day);2021;2021;PPP dollar per person per day;2.253
CAHD;Cost and Affordability of a Healthy Diet (CoAHD);180;Democratic Republic of the Congo;6121;Value;7005;Percentage of the population unable to afford a healthy diet (percent);2021;2021;%;85.5
CAHD;Cost and Affordability of a Healthy Diet (CoAHD);208;Denmark;6226;Value;7004;Cost of a healthy diet (PPP dollar per person per day);2021;2021;PPP dollar per person per day;2.5
CAHD;Cost and Affordability of a Healthy Diet (CoAHD);208;Denmark;6121;Value;7005;Percentage of the population unable to afford a healthy diet (percent);2021;2021;%;0.2
CAHD;Cost and Affordability of a Healthy Diet (CoAHD);262;Djibouti;6226;Value;7004;Cost of a healthy diet (PPP dollar per person per day);2021;2021;PPP dollar per person per day;3.25
CAHD;Cost and Affordability of a Healthy Diet (CoAHD);262;Djibouti;6121;Value;7005;Percentage of the population unable to afford a healthy diet (percent);2021;2021;%;65.3
CAHD;Cost and Affordability of a Healthy Diet (CoAHD);212;Dominica;6226;Value;7004;Cost of a healthy diet (PPP dollar per person per day);2021;2021;PPP dollar per person per day;4.561
CAHD;Cost and Affordability of a Healthy Diet (CoAHD);212;Dominica;6121;Value;7005;Percentage of the population unable to afford a healthy diet (percent);2021;2021;%;
CAHD;Cost and Affordability of a Healthy Diet (CoAHD);214;Dominican Republic;6226;Value;7004;Cost of a healthy diet (PPP dollar per person per day);2021;2021;PPP dollar per person per day;4.128
CAHD;Cost and Affordability of a Healthy Diet (CoAHD);214;Dominican Republic;6121;Value;7005;Percentage of the population unable to afford a healthy diet (percent);2021;2021;%;25.8
CAHD;Cost and Affordability of a Healthy Diet (CoAHD);218;Ecuador;6226;Value;7004;Cost of a healthy diet (PPP dollar per person per day);2021;2021;PPP dollar per person per day;3.035
CAHD;Cost and Affordability of a Healthy Diet (CoAHD);218;Ecuador;6121;Value;7005;Percentage of the population unable to afford a healthy diet (percent);2021;2021;%;19.7
CAHD;Cost and Affordability of a Healthy Diet (CoAHD);818;Egypt;6226;Value;7004;Cost of a healthy diet (PPP dollar per person per day);2021;2021;PPP dollar per person per day;3.506
CAHD;Cost and Affordability of a Healthy Diet (CoAHD);818;Egypt;6121;Value;7005;Percentage of the population unable to afford a healthy diet (percent);2021;2021;%;61.6
CAHD;Cost and Affordability of a Healthy Diet (CoAHD);226;Equatorial Guinea;6226;Value;7004;Cost of a healthy diet (PPP dollar per person per day);2021;2021;PPP dollar per person per day;3.751
CAHD;Cost and Affordability of a Healthy Diet (CoAHD);226;Equatorial Guinea;6121;Value;7005;Percentage of the population unable to afford a healthy diet (percent);2021;2021;%;
CAHD;Cost and Affordability of a Healthy Diet (CoAHD);233;Estonia;6226;Value;7004;Cost of a healthy diet (PPP dollar per person per day);2021;2021;PPP dollar per person per day;3.29
CAHD;Cost and Affordability of a Healthy Diet (CoAHD);233;Estonia;6121;Value;7005;Percentage of the population unable to afford a healthy diet (percent);2021;2021;%;0.8
CAHD;Cost and Affordability of a Healthy Diet (CoAHD);748;Eswatini;6226;Value;7004;Cost of a healthy diet (PPP dollar per person per day);2021;2021;PPP dollar per person per day;3.537
CAHD;Cost and Affordability of a Healthy Diet (CoAHD);748;Eswatini;6121;Value;7005;Percentage of the population unable to afford a healthy diet (percent);2021;2021;%;73.8
CAHD;Cost and Affordability of a Healthy Diet (CoAHD);231;Ethiopia;6226;Value;7004;Cost of a healthy diet (PPP dollar per person per day);2021;2021;PPP dollar per person per day;3.706
CAHD;Cost and Affordability of a Healthy Diet (CoAHD);231;Ethiopia;6121;Value;7005;Percentage of the population unable to afford a healthy diet (percent);2021;2021;%;83.8
CAHD;Cost and Affordability of a Healthy Diet (CoAHD);242;Fiji;6226;Value;7004;Cost of a healthy diet (PPP dollar per person per day);2021;2021;PPP dollar per person per day;4.358
CAHD;Cost and Affordability of a Healthy Diet (CoAHD);242;Fiji;6121;Value;7005;Percentage of the population unable to afford a healthy diet (percent);2021;2021;%;63.7
CAHD;Cost and Affordability of a Healthy Diet (CoAHD);246;Finland;6226;Value;7004;Cost of a healthy diet (PPP dollar per person per day);2021;2021;PPP dollar per person per day;2.716
CAHD;Cost and Affordability of a Healthy Diet (CoAHD);246;Finland;6121;Value;7005;Percentage of the population unable to afford a healthy diet (percent);2021;2021;%;0
CAHD;Cost and Affordability of a Healthy Diet (CoAHD);250;France;6226;Value;7004;Cost of a healthy diet (PPP dollar per person per day);2021;2021;PPP dollar per person per day;3.254
CAHD;Cost and Affordability of a Healthy Diet (CoAHD);250;France;6121;Value;7005;Percentage of the population unable to afford a healthy diet (percent);2021;2021;%;0.2
CAHD;Cost and Affordability of a Healthy Diet (CoAHD);266;Gabon;6226;Value;7004;Cost of a healthy diet (PPP dollar per person per day);2021;2021;PPP dollar per person per day;3.704
CAHD;Cost and Affordability of a Healthy Diet (CoAHD);266;Gabon;6121;Value;7005;Percentage of the population unable to afford a healthy diet (percent);2021;2021;%;29.9
CAHD;Cost and Affordability of a Healthy Diet (CoAHD);270;Gambia;6226;Value;7004;Cost of a healthy diet (PPP dollar per person per day);2021;2021;PPP dollar per person per day;3.324
CAHD;Cost and Affordability of a Healthy Diet (CoAHD);270;Gambia;6121;Value;7005;Percentage of the population unable to afford a healthy diet (percent);2021;2021;%;72.2
CAHD;Cost and Affordability of a Healthy Diet (CoAHD);276;Germany;6226;Value;7004;Cost of a healthy diet (PPP dollar per person per day);2021;2021;PPP dollar per person per day;3.082
CAHD;Cost and Affordability of a Healthy Diet (CoAHD);276;Germany;6121;Value;7005;Percentage of the population unable to afford a healthy diet (percent);2021;2021;%;0.2
CAHD;Cost and Affordability of a Healthy Diet (CoAHD);288;Ghana;6226;Value;7004;Cost of a healthy diet (PPP dollar per person per day);2021;2021;PPP dollar per person per day;4.237
CAHD;Cost and Affordability of a Healthy Diet (CoAHD);288;Ghana;6121;Value;7005;Percentage of the population unable to afford a healthy diet (percent);2021;2021;%;77.4
CAHD;Cost and Affordability of a Healthy Diet (CoAHD);300;Greece;6226;Value;7004;Cost of a healthy diet (PPP dollar per person per day);2021;2021;PPP dollar per person per day;3.174
CAHD;Cost and Affordability of a Healthy Diet (CoAHD);300;Greece;6121;Value;7005;Percentage of the population unable to afford a healthy diet (percent);2021;2021;%;2.2
CAHD;Cost and Affordability of a Healthy Diet (CoAHD);308;Grenada;6226;Value;7004;Cost of a healthy diet (PPP dollar per person per day);2021;2021;PPP dollar per person per day;6.097
CAHD;Cost and Affordability of a Healthy Diet (CoAHD);308;Grenada;6121;Value;7005;Percentage of the population unable to afford a healthy diet (percent);2021;2021;%;
CAHD;Cost and Affordability of a Healthy Diet (CoAHD);324;Guinea;6226;Value;7004;Cost of a healthy diet (PPP dollar per person per day);2021;2021;PPP dollar per person per day;4.443
CAHD;Cost and Affordability of a Healthy Diet (CoAHD);324;Guinea;6121;Value;7005;Percentage of the population unable to afford a healthy diet (percent);2021;2021;%;89.1
CAHD;Cost and Affordability of a Healthy Diet (CoAHD);624;Guinea-Bissau;6226;Value;7004;Cost of a healthy diet (PPP dollar per person per day);2021;2021;PPP dollar per person per day;3.694
CAHD;Cost and Affordability of a Healthy Diet (CoAHD);624;Guinea-Bissau;6121;Value;7005;Percentage of the population unable to afford a healthy diet (percent);2021;2021;%;84.6
CAHD;Cost and Affordability of a Healthy Diet (CoAHD);328;Guyana;6226;Value;7004;Cost of a healthy diet (PPP dollar per person per day);2021;2021;PPP dollar per person per day;5.117
CAHD;Cost and Affordability of a Healthy Diet (CoAHD);328;Guyana;6121;Value;7005;Percentage of the population unable to afford a healthy diet (percent);2021;2021;%;18.5
CAHD;Cost and Affordability of a Healthy Diet (CoAHD);332;Haiti;6226;Value;7004;Cost of a healthy diet (PPP dollar per person per day);2021;2021;PPP dollar per person per day;4.814
CAHD;Cost and Affordability of a Healthy Diet (CoAHD);332;Haiti;6121;Value;7005;Percentage of the population unable to afford a healthy diet (percent);2021;2021;%;92.6
CAHD;Cost and Affordability of a Healthy Diet (CoAHD);340;Honduras;6226;Value;7004;Cost of a healthy diet (PPP dollar per person per day);2021;2021;PPP dollar per person per day;3.595
CAHD;Cost and Affordability of a Healthy Diet (CoAHD);340;Honduras;6121;Value;7005;Percentage of the population unable to afford a healthy diet (percent);2021;2021;%;44.8
CAHD;Cost and Affordability of a Healthy Diet (CoAHD);348;Hungary;6226;Value;7004;Cost of a healthy diet (PPP dollar per person per day);2021;2021;PPP dollar per person per day;3.418
CAHD;Cost and Affordability of a Healthy Diet (CoAHD);348;Hungary;6121;Value;7005;Percentage of the population unable to afford a healthy diet (percent);2021;2021;%;1.5
CAHD;Cost and Affordability of a Healthy Diet (CoAHD);352;Iceland;6226;Value;7004;Cost of a healthy diet (PPP dollar per person per day);2021;2021;PPP dollar per person per day;2.416
CAHD;Cost and Affordability of a Healthy Diet (CoAHD);352;Iceland;6121;Value;7005;Percentage of the population unable to afford a healthy diet (percent);2021;2021;%;0.1
CAHD;Cost and Affordability of a Healthy Diet (CoAHD);356;India;6226;Value;7004;Cost of a healthy diet (PPP dollar per person per day);2021;2021;PPP dollar per person per day;3.066
CAHD;Cost and Affordability of a Healthy Diet (CoAHD);356;India;6121;Value;7005;Percentage of the population unable to afford a healthy diet (percent);2021;2021;%;74.1
CAHD;Cost and Affordability of a Healthy Diet (CoAHD);360;Indonesia;6226;Value;7004;Cost of a healthy diet (PPP dollar per person per day);2021;2021;PPP dollar per person per day;4.729
CAHD;Cost and Affordability of a Healthy Diet (CoAHD);360;Indonesia;6121;Value;7005;Percentage of the population unable to afford a healthy diet (percent);2021;2021;%;70.8
CAHD;Cost and Affordability of a Healthy Diet (CoAHD);364;Iran ;6226;Value;7004;Cost of a healthy diet (PPP dollar per person per day);2021;2021;PPP dollar per person per day;4.167
CAHD;Cost and Affordability of a Healthy Diet (CoAHD);364;Iran ;6121;Value;7005;Percentage of the population unable to afford a healthy diet (percent);2021;2021;%;30
CAHD;Cost and Affordability of a Healthy Diet (CoAHD);368;Iraq;6226;Value;7004;Cost of a healthy diet (PPP dollar per person per day);2021;2021;PPP dollar per person per day;3.665
CAHD;Cost and Affordability of a Healthy Diet (CoAHD);368;Iraq;6121;Value;7005;Percentage of the population unable to afford a healthy diet (percent);2021;2021;%;18.4
CAHD;Cost and Affordability of a Healthy Diet (CoAHD);372;Ireland;6226;Value;7004;Cost of a healthy diet (PPP dollar per person per day);2021;2021;PPP dollar per person per day;2.15
CAHD;Cost and Affordability of a Healthy Diet (CoAHD);372;Ireland;6121;Value;7005;Percentage of the population unable to afford a healthy diet (percent);2021;2021;%;0.1
CAHD;Cost and Affordability of a Healthy Diet (CoAHD);376;Israel;6226;Value;7004;Cost of a healthy diet (PPP dollar per person per day);2021;2021;PPP dollar per person per day;2.524
CAHD;Cost and Affordability of a Healthy Diet (CoAHD);376;Israel;6121;Value;7005;Percentage of the population unable to afford a healthy diet (percent);2021;2021;%;1.2
CAHD;Cost and Affordability of a Healthy Diet (CoAHD);380;Italy;6226;Value;7004;Cost of a healthy diet (PPP dollar per person per day);2021;2021;PPP dollar per person per day;3.168
CAHD;Cost and Affordability of a Healthy Diet (CoAHD);380;Italy;6121;Value;7005;Percentage of the population unable to afford a healthy diet (percent);2021;2021;%;1.5
CAHD;Cost and Affordability of a Healthy Diet (CoAHD);388;Jamaica;6226;Value;7004;Cost of a healthy diet (PPP dollar per person per day);2021;2021;PPP dollar per person per day;7.033
CAHD;Cost and Affordability of a Healthy Diet (CoAHD);388;Jamaica;6121;Value;7005;Percentage of the population unable to afford a healthy diet (percent);2021;2021;%;62.6
CAHD;Cost and Affordability of a Healthy Diet (CoAHD);392;Japan;6226;Value;7004;Cost of a healthy diet (PPP dollar per person per day);2021;2021;PPP dollar per person per day;5.638
CAHD;Cost and Affordability of a Healthy Diet (CoAHD);392;Japan;6121;Value;7005;Percentage of the population unable to afford a healthy diet (percent);2021;2021;%;2
CAHD;Cost and Affordability of a Healthy Diet (CoAHD);400;Jordan;6226;Value;7004;Cost of a healthy diet (PPP dollar per person per day);2021;2021;PPP dollar per person per day;3.737
CAHD;Cost and Affordability of a Healthy Diet (CoAHD);400;Jordan;6121;Value;7005;Percentage of the population unable to afford a healthy diet (percent);2021;2021;%;7.1
CAHD;Cost and Affordability of a Healthy Diet (CoAHD);398;Kazakhstan;6226;Value;7004;Cost of a healthy diet (PPP dollar per person per day);2021;2021;PPP dollar per person per day;2.852
CAHD;Cost and Affordability of a Healthy Diet (CoAHD);398;Kazakhstan;6121;Value;7005;Percentage of the population unable to afford a healthy diet (percent);2021;2021;%;2.3
CAHD;Cost and Affordability of a Healthy Diet (CoAHD);404;Kenya;6226;Value;7004;Cost of a healthy diet (PPP dollar per person per day);2021;2021;PPP dollar per person per day;3.189
CAHD;Cost and Affordability of a Healthy Diet (CoAHD);404;Kenya;6121;Value;7005;Percentage of the population unable to afford a healthy diet (percent);2021;2021;%;74
CAHD;Cost and Affordability of a Healthy Diet (CoAHD);414;Kuwait;6226;Value;7004;Cost of a healthy diet (PPP dollar per person per day);2021;2021;PPP dollar per person per day;3.997
CAHD;Cost and Affordability of a Healthy Diet (CoAHD);414;Kuwait;6121;Value;7005;Percentage of the population unable to afford a healthy diet (percent);2021;2021;%;
CAHD;Cost and Affordability of a Healthy Diet (CoAHD);417;Kyrgyzstan;6226;Value;7004;Cost of a healthy diet (PPP dollar per person per day);2021;2021;PPP dollar per person per day;3.51
CAHD;Cost and Affordability of a Healthy Diet (CoAHD);417;Kyrgyzstan;6121;Value;7005;Percentage of the population unable to afford a healthy diet (percent);2021;2021;%;58.2
CAHD;Cost and Affordability of a Healthy Diet (CoAHD);418;Laos;6226;Value;7004;Cost of a healthy diet (PPP dollar per person per day);2021;2021;PPP dollar per person per day;4.305
CAHD;Cost and Affordability of a Healthy Diet (CoAHD);418;Laos;6121;Value;7005;Percentage of the population unable to afford a healthy diet (percent);2021;2021;%;74
CAHD;Cost and Affordability of a Healthy Diet (CoAHD);428;Latvia;6226;Value;7004;Cost of a healthy diet (PPP dollar per person per day);2021;2021;PPP dollar per person per day;3.254
CAHD;Cost and Affordability of a Healthy Diet (CoAHD);428;Latvia;6121;Value;7005;Percentage of the population unable to afford a healthy diet (percent);2021;2021;%;1.5
CAHD;Cost and Affordability of a Healthy Diet (CoAHD);426;Lesotho;6226;Value;7004;Cost of a healthy diet (PPP dollar per person per day);2021;2021;PPP dollar per person per day;4.618
CAHD;Cost and Affordability of a Healthy Diet (CoAHD);426;Lesotho;6121;Value;7005;Percentage of the population unable to afford a healthy diet (percent);2021;2021;%;87.9
CAHD;Cost and Affordability of a Healthy Diet (CoAHD);430;Liberia;6226;Value;7004;Cost of a healthy diet (PPP dollar per person per day);2021;2021;PPP dollar per person per day;4.447
CAHD;Cost and Affordability of a Healthy Diet (CoAHD);430;Liberia;6121;Value;7005;Percentage of the population unable to afford a healthy diet (percent);2021;2021;%;92.8
CAHD;Cost and Affordability of a Healthy Diet (CoAHD);440;Lithuania;6226;Value;7004;Cost of a healthy diet (PPP dollar per person per day);2021;2021;PPP dollar per person per day;3.108
CAHD;Cost and Affordability of a Healthy Diet (CoAHD);440;Lithuania;6121;Value;7005;Percentage of the population unable to afford a healthy diet (percent);2021;2021;%;0.7
CAHD;Cost and Affordability of a Healthy Diet (CoAHD);442;Luxembourg;6226;Value;7004;Cost of a healthy diet (PPP dollar per person per day);2021;2021;PPP dollar per person per day;2.59
CAHD;Cost and Affordability of a Healthy Diet (CoAHD);442;Luxembourg;6121;Value;7005;Percentage of the population unable to afford a healthy diet (percent);2021;2021;%;0
CAHD;Cost and Affordability of a Healthy Diet (CoAHD);450;Madagascar;6226;Value;7004;Cost of a healthy diet (PPP dollar per person per day);2021;2021;PPP dollar per person per day;3.382
CAHD;Cost and Affordability of a Healthy Diet (CoAHD);450;Madagascar;6121;Value;7005;Percentage of the population unable to afford a healthy diet (percent);2021;2021;%;97.8
CAHD;Cost and Affordability of a Healthy Diet (CoAHD);454;Malawi;6226;Value;7004;Cost of a healthy diet (PPP dollar per person per day);2021;2021;PPP dollar per person per day;3.365
CAHD;Cost and Affordability of a Healthy Diet (CoAHD);454;Malawi;6121;Value;7005;Percentage of the population unable to afford a healthy diet (percent);2021;2021;%;95.9
CAHD;Cost and Affordability of a Healthy Diet (CoAHD);458;Malaysia;6226;Value;7004;Cost of a healthy diet (PPP dollar per person per day);2021;2021;PPP dollar per person per day;3.679
CAHD;Cost and Affordability of a Healthy Diet (CoAHD);458;Malaysia;6121;Value;7005;Percentage of the population unable to afford a healthy diet (percent);2021;2021;%;2.5
CAHD;Cost and Affordability of a Healthy Diet (CoAHD);462;Maldives;6226;Value;7004;Cost of a healthy diet (PPP dollar per person per day);2021;2021;PPP dollar per person per day;4.095
CAHD;Cost and Affordability of a Healthy Diet (CoAHD);462;Maldives;6121;Value;7005;Percentage of the population unable to afford a healthy diet (percent);2021;2021;%;1.2
CAHD;Cost and Affordability of a Healthy Diet (CoAHD);466;Mali;6226;Value;7004;Cost of a healthy diet (PPP dollar per person per day);2021;2021;PPP dollar per person per day;3.23
CAHD;Cost and Affordability of a Healthy Diet (CoAHD);466;Mali;6121;Value;7005;Percentage of the population unable to afford a healthy diet (percent);2021;2021;%;72
CAHD;Cost and Affordability of a Healthy Diet (CoAHD);470;Malta;6226;Value;7004;Cost of a healthy diet (PPP dollar per person per day);2021;2021;PPP dollar per person per day;3.917
CAHD;Cost and Affordability of a Healthy Diet (CoAHD);470;Malta;6121;Value;7005;Percentage of the population unable to afford a healthy diet (percent);2021;2021;%;0.8
CAHD;Cost and Affordability of a Healthy Diet (CoAHD);478;Mauritania;6226;Value;7004;Cost of a healthy diet (PPP dollar per person per day);2021;2021;PPP dollar per person per day;3.948
CAHD;Cost and Affordability of a Healthy Diet (CoAHD);478;Mauritania;6121;Value;7005;Percentage of the population unable to afford a healthy diet (percent);2021;2021;%;62.4
CAHD;Cost and Affordability of a Healthy Diet (CoAHD);480;Mauritius;6226;Value;7004;Cost of a healthy diet (PPP dollar per person per day);2021;2021;PPP dollar per person per day;3.785
CAHD;Cost and Affordability of a Healthy Diet (CoAHD);480;Mauritius;6121;Value;7005;Percentage of the population unable to afford a healthy diet (percent);2021;2021;%;14
CAHD;Cost and Affordability of a Healthy Diet (CoAHD);484;Mexico;6226;Value;7004;Cost of a healthy diet (PPP dollar per person per day);2021;2021;PPP dollar per person per day;3.205
CAHD;Cost and Affordability of a Healthy Diet (CoAHD);484;Mexico;6121;Value;7005;Percentage of the population unable to afford a healthy diet (percent);2021;2021;%;20.2
CAHD;Cost and Affordability of a Healthy Diet (CoAHD);496;Mongolia;6226;Value;7004;Cost of a healthy diet (PPP dollar per person per day);2021;2021;PPP dollar per person per day;5.676
CAHD;Cost and Affordability of a Healthy Diet (CoAHD);496;Mongolia;6121;Value;7005;Percentage of the population unable to afford a healthy diet (percent);2021;2021;%;64.1
CAHD;Cost and Affordability of a Healthy Diet (CoAHD);499;Montenegro;6226;Value;7004;Cost of a healthy diet (PPP dollar per person per day);2021;2021;PPP dollar per person per day;3.673
CAHD;Cost and Affordability of a Healthy Diet (CoAHD);499;Montenegro;6121;Value;7005;Percentage of the population unable to afford a healthy diet (percent);2021;2021;%;14.9
CAHD;Cost and Affordability of a Healthy Diet (CoAHD);504;Morocco;6226;Value;7004;Cost of a healthy diet (PPP dollar per person per day);2021;2021;PPP dollar per person per day;2.905
CAHD;Cost and Affordability of a Healthy Diet (CoAHD);504;Morocco;6121;Value;7005;Percentage of the population unable to afford a healthy diet (percent);2021;2021;%;15.5
CAHD;Cost and Affordability of a Healthy Diet (CoAHD);508;Mozambique;6226;Value;7004;Cost of a healthy diet (PPP dollar per person per day);2021;2021;PPP dollar per person per day;3.548
CAHD;Cost and Affordability of a Healthy Diet (CoAHD);508;Mozambique;6121;Value;7005;Percentage of the population unable to afford a healthy diet (percent);2021;2021;%;92.5
CAHD;Cost and Affordability of a Healthy Diet (CoAHD);104;Myanmar;6226;Value;7004;Cost of a healthy diet (PPP dollar per person per day);2021;2021;PPP dollar per person per day;4.206
CAHD;Cost and Affordability of a Healthy Diet (CoAHD);104;Myanmar;6121;Value;7005;Percentage of the population unable to afford a healthy diet (percent);2021;2021;%;73.8
CAHD;Cost and Affordability of a Healthy Diet (CoAHD);516;Namibia;6226;Value;7004;Cost of a healthy diet (PPP dollar per person per day);2021;2021;PPP dollar per person per day;3.761
CAHD;Cost and Affordability of a Healthy Diet (CoAHD);516;Namibia;6121;Value;7005;Percentage of the population unable to afford a healthy diet (percent);2021;2021;%;59.5
CAHD;Cost and Affordability of a Healthy Diet (CoAHD);524;Nepal;6226;Value;7004;Cost of a healthy diet (PPP dollar per person per day);2021;2021;PPP dollar per person per day;4.621
CAHD;Cost and Affordability of a Healthy Diet (CoAHD);524;Nepal;6121;Value;7005;Percentage of the population unable to afford a healthy diet (percent);2021;2021;%;76.4
CAHD;Cost and Affordability of a Healthy Diet (CoAHD);528;Netherlands;6226;Value;7004;Cost of a healthy diet (PPP dollar per person per day);2021;2021;PPP dollar per person per day;2.963
CAHD;Cost and Affordability of a Healthy Diet (CoAHD);528;Netherlands;6121;Value;7005;Percentage of the population unable to afford a healthy diet (percent);2021;2021;%;0.1
CAHD;Cost and Affordability of a Healthy Diet (CoAHD);554;New Zealand;6226;Value;7004;Cost of a healthy diet (PPP dollar per person per day);2021;2021;PPP dollar per person per day;2.797
CAHD;Cost and Affordability of a Healthy Diet (CoAHD);554;New Zealand;6121;Value;7005;Percentage of the population unable to afford a healthy diet (percent);2021;2021;%;
CAHD;Cost and Affordability of a Healthy Diet (CoAHD);558;Nicaragua;6226;Value;7004;Cost of a healthy diet (PPP dollar per person per day);2021;2021;PPP dollar per person per day;3.54
CAHD;Cost and Affordability of a Healthy Diet (CoAHD);558;Nicaragua;6121;Value;7005;Percentage of the population unable to afford a healthy diet (percent);2021;2021;%;34.2
CAHD;Cost and Affordability of a Healthy Diet (CoAHD);562;Niger;6226;Value;7004;Cost of a healthy diet (PPP dollar per person per day);2021;2021;PPP dollar per person per day;3.155
CAHD;Cost and Affordability of a Healthy Diet (CoAHD);562;Niger;6121;Value;7005;Percentage of the population unable to afford a healthy diet (percent);2021;2021;%;92
CAHD;Cost and Affordability of a Healthy Diet (CoAHD);566;Nigeria;6226;Value;7004;Cost of a healthy diet (PPP dollar per person per day);2021;2021;PPP dollar per person per day;4.325
CAHD;Cost and Affordability of a Healthy Diet (CoAHD);566;Nigeria;6121;Value;7005;Percentage of the population unable to afford a healthy diet (percent);2021;2021;%;93.5
CAHD;Cost and Affordability of a Healthy Diet (CoAHD);807;Macedonia;6226;Value;7004;Cost of a healthy diet (PPP dollar per person per day);2021;2021;PPP dollar per person per day;3.616
CAHD;Cost and Affordability of a Healthy Diet (CoAHD);807;Macedonia;6121;Value;7005;Percentage of the population unable to afford a healthy diet (percent);2021;2021;%;15.5
CAHD;Cost and Affordability of a Healthy Diet (CoAHD);578;Norway;6226;Value;7004;Cost of a healthy diet (PPP dollar per person per day);2021;2021;PPP dollar per person per day;3.361
CAHD;Cost and Affordability of a Healthy Diet (CoAHD);578;Norway;6121;Value;7005;Percentage of the population unable to afford a healthy diet (percent);2021;2021;%;0.3
CAHD;Cost and Affordability of a Healthy Diet (CoAHD);512;Oman;6226;Value;7004;Cost of a healthy diet (PPP dollar per person per day);2021;2021;PPP dollar per person per day;3.141
CAHD;Cost and Affordability of a Healthy Diet (CoAHD);512;Oman;6121;Value;7005;Percentage of the population unable to afford a healthy diet (percent);2021;2021;%;
CAHD;Cost and Affordability of a Healthy Diet (CoAHD);586;Pakistan;6226;Value;7004;Cost of a healthy diet (PPP dollar per person per day);2021;2021;PPP dollar per person per day;3.893
CAHD;Cost and Affordability of a Healthy Diet (CoAHD);586;Pakistan;6121;Value;7005;Percentage of the population unable to afford a healthy diet (percent);2021;2021;%;82.8
CAHD;Cost and Affordability of a Healthy Diet (CoAHD);275;Palestine;6226;Value;7004;Cost of a healthy diet (PPP dollar per person per day);2021;2021;PPP dollar per person per day;3.285
CAHD;Cost and Affordability of a Healthy Diet (CoAHD);275;Palestine;6121;Value;7005;Percentage of the population unable to afford a healthy diet (percent);2021;2021;%;15.4
CAHD;Cost and Affordability of a Healthy Diet (CoAHD);591;Panama;6226;Value;7004;Cost of a healthy diet (PPP dollar per person per day);2021;2021;PPP dollar per person per day;4.687
CAHD;Cost and Affordability of a Healthy Diet (CoAHD);591;Panama;6121;Value;7005;Percentage of the population unable to afford a healthy diet (percent);2021;2021;%;17
CAHD;Cost and Affordability of a Healthy Diet (CoAHD);600;Paraguay;6226;Value;7004;Cost of a healthy diet (PPP dollar per person per day);2021;2021;PPP dollar per person per day;3.867
CAHD;Cost and Affordability of a Healthy Diet (CoAHD);600;Paraguay;6121;Value;7005;Percentage of the population unable to afford a healthy diet (percent);2021;2021;%;20.4
CAHD;Cost and Affordability of a Healthy Diet (CoAHD);604;Peru;6226;Value;7004;Cost of a healthy diet (PPP dollar per person per day);2021;2021;PPP dollar per person per day;3.334
CAHD;Cost and Affordability of a Healthy Diet (CoAHD);604;Peru;6121;Value;7005;Percentage of the population unable to afford a healthy diet (percent);2021;2021;%;25.7
CAHD;Cost and Affordability of a Healthy Diet (CoAHD);608;Philippines;6226;Value;7004;Cost of a healthy diet (PPP dollar per person per day);2021;2021;PPP dollar per person per day;4.364
CAHD;Cost and Affordability of a Healthy Diet (CoAHD);608;Philippines;6121;Value;7005;Percentage of the population unable to afford a healthy diet (percent);2021;2021;%;74
CAHD;Cost and Affordability of a Healthy Diet (CoAHD);616;Poland;6226;Value;7004;Cost of a healthy diet (PPP dollar per person per day);2021;2021;PPP dollar per person per day;3.155
CAHD;Cost and Affordability of a Healthy Diet (CoAHD);616;Poland;6121;Value;7005;Percentage of the population unable to afford a healthy diet (percent);2021;2021;%;0.5
CAHD;Cost and Affordability of a Healthy Diet (CoAHD);620;Portugal;6226;Value;7004;Cost of a healthy diet (PPP dollar per person per day);2021;2021;PPP dollar per person per day;2.651
CAHD;Cost and Affordability of a Healthy Diet (CoAHD);620;Portugal;6121;Value;7005;Percentage of the population unable to afford a healthy diet (percent);2021;2021;%;1.2
CAHD;Cost and Affordability of a Healthy Diet (CoAHD);634;Qatar;6226;Value;7004;Cost of a healthy diet (PPP dollar per person per day);2021;2021;PPP dollar per person per day;2.708
CAHD;Cost and Affordability of a Healthy Diet (CoAHD);634;Qatar;6121;Value;7005;Percentage of the population unable to afford a healthy diet (percent);2021;2021;%;
CAHD;Cost and Affordability of a Healthy Diet (CoAHD);410;South Korea;6226;Value;7004;Cost of a healthy diet (PPP dollar per person per day);2021;2021;PPP dollar per person per day;5.34
CAHD;Cost and Affordability of a Healthy Diet (CoAHD);410;South Korea;6121;Value;7005;Percentage of the population unable to afford a healthy diet (percent);2021;2021;%;1.5
CAHD;Cost and Affordability of a Healthy Diet (CoAHD);498;Moldova;6226;Value;7004;Cost of a healthy diet (PPP dollar per person per day);2021;2021;PPP dollar per person per day;2.998
CAHD;Cost and Affordability of a Healthy Diet (CoAHD);498;Moldova;6121;Value;7005;Percentage of the population unable to afford a healthy diet (percent);2021;2021;%;3.8
CAHD;Cost and Affordability of a Healthy Diet (CoAHD);642;Romania;6226;Value;7004;Cost of a healthy diet (PPP dollar per person per day);2021;2021;PPP dollar per person per day;3.253
CAHD;Cost and Affordability of a Healthy Diet (CoAHD);642;Romania;6121;Value;7005;Percentage of the population unable to afford a healthy diet (percent);2021;2021;%;7.2
CAHD;Cost and Affordability of a Healthy Diet (CoAHD);643;Russia;6226;Value;7004;Cost of a healthy diet (PPP dollar per person per day);2021;2021;PPP dollar per person per day;3.678
CAHD;Cost and Affordability of a Healthy Diet (CoAHD);643;Russia;6121;Value;7005;Percentage of the population unable to afford a healthy diet (percent);2021;2021;%;2.6
CAHD;Cost and Affordability of a Healthy Diet (CoAHD);646;Rwanda;6226;Value;7004;Cost of a healthy diet (PPP dollar per person per day);2021;2021;PPP dollar per person per day;2.718
CAHD;Cost and Affordability of a Healthy Diet (CoAHD);646;Rwanda;6121;Value;7005;Percentage of the population unable to afford a healthy diet (percent);2021;2021;%;82
CAHD;Cost and Affordability of a Healthy Diet (CoAHD);659;Saint Kitts and Nevis;6226;Value;7004;Cost of a healthy diet (PPP dollar per person per day);2021;2021;PPP dollar per person per day;3.526
CAHD;Cost and Affordability of a Healthy Diet (CoAHD);659;Saint Kitts and Nevis;6121;Value;7005;Percentage of the population unable to afford a healthy diet (percent);2021;2021;%;
CAHD;Cost and Affordability of a Healthy Diet (CoAHD);662;Saint Lucia;6226;Value;7004;Cost of a healthy diet (PPP dollar per person per day);2021;2021;PPP dollar per person per day;3.673
CAHD;Cost and Affordability of a Healthy Diet (CoAHD);662;Saint Lucia;6121;Value;7005;Percentage of the population unable to afford a healthy diet (percent);2021;2021;%;27.2
CAHD;Cost and Affordability of a Healthy Diet (CoAHD);670;Saint Vincent and the Grenadines;6226;Value;7004;Cost of a healthy diet (PPP dollar per person per day);2021;2021;PPP dollar per person per day;4.697
CAHD;Cost and Affordability of a Healthy Diet (CoAHD);670;Saint Vincent and the Grenadines;6121;Value;7005;Percentage of the population unable to afford a healthy diet (percent);2021;2021;%;
CAHD;Cost and Affordability of a Healthy Diet (CoAHD);678;Sao Tome and Principe;6226;Value;7004;Cost of a healthy diet (PPP dollar per person per day);2021;2021;PPP dollar per person per day;3.869
CAHD;Cost and Affordability of a Healthy Diet (CoAHD);678;Sao Tome and Principe;6121;Value;7005;Percentage of the population unable to afford a healthy diet (percent);2021;2021;%;78.2
CAHD;Cost and Affordability of a Healthy Diet (CoAHD);682;Saudi Arabia;6226;Value;7004;Cost of a healthy diet (PPP dollar per person per day);2021;2021;PPP dollar per person per day;4.441
CAHD;Cost and Affordability of a Healthy Diet (CoAHD);682;Saudi Arabia;6121;Value;7005;Percentage of the population unable to afford a healthy diet (percent);2021;2021;%;
CAHD;Cost and Affordability of a Healthy Diet (CoAHD);686;Senegal;6226;Value;7004;Cost of a healthy diet (PPP dollar per person per day);2021;2021;PPP dollar per person per day;2.443
CAHD;Cost and Affordability of a Healthy Diet (CoAHD);686;Senegal;6121;Value;7005;Percentage of the population unable to afford a healthy diet (percent);2021;2021;%;45
CAHD;Cost and Affordability of a Healthy Diet (CoAHD);688;Serbia;6226;Value;7004;Cost of a healthy diet (PPP dollar per person per day);2021;2021;PPP dollar per person per day;4.346
CAHD;Cost and Affordability of a Healthy Diet (CoAHD);688;Serbia;6121;Value;7005;Percentage of the population unable to afford a healthy diet (percent);2021;2021;%;10.9
CAHD;Cost and Affordability of a Healthy Diet (CoAHD);690;Seychelles;6226;Value;7004;Cost of a healthy diet (PPP dollar per person per day);2021;2021;PPP dollar per person per day;4.131
CAHD;Cost and Affordability of a Healthy Diet (CoAHD);690;Seychelles;6121;Value;7005;Percentage of the population unable to afford a healthy diet (percent);2021;2021;%;7.3
CAHD;Cost and Affordability of a Healthy Diet (CoAHD);694;Sierra Leone;6226;Value;7004;Cost of a healthy diet (PPP dollar per person per day);2021;2021;PPP dollar per person per day;3.167
CAHD;Cost and Affordability of a Healthy Diet (CoAHD);694;Sierra Leone;6121;Value;7005;Percentage of the population unable to afford a healthy diet (percent);2021;2021;%;83.5
CAHD;Cost and Affordability of a Healthy Diet (CoAHD);702;Singapore;6226;Value;7004;Cost of a healthy diet (PPP dollar per person per day);2021;2021;PPP dollar per person per day;3.186
CAHD;Cost and Affordability of a Healthy Diet (CoAHD);702;Singapore;6121;Value;7005;Percentage of the population unable to afford a healthy diet (percent);2021;2021;%;
CAHD;Cost and Affordability of a Healthy Diet (CoAHD);534;Sint Maarten (Dutch part);6226;Value;7004;Cost of a healthy diet (PPP dollar per person per day);2021;2021;PPP dollar per person per day;5.273
CAHD;Cost and Affordability of a Healthy Diet (CoAHD);534;Sint Maarten (Dutch part);6121;Value;7005;Percentage of the population unable to afford a healthy diet (percent);2021;2021;%;
CAHD;Cost and Affordability of a Healthy Diet (CoAHD);703;Slovakia;6226;Value;7004;Cost of a healthy diet (PPP dollar per person per day);2021;2021;PPP dollar per person per day;3.198
CAHD;Cost and Affordability of a Healthy Diet (CoAHD);703;Slovakia;6121;Value;7005;Percentage of the population unable to afford a healthy diet (percent);2021;2021;%;2.3
CAHD;Cost and Affordability of a Healthy Diet (CoAHD);705;Slovenia;6226;Value;7004;Cost of a healthy diet (PPP dollar per person per day);2021;2021;PPP dollar per person per day;3.038
CAHD;Cost and Affordability of a Healthy Diet (CoAHD);705;Slovenia;6121;Value;7005;Percentage of the population unable to afford a healthy diet (percent);2021;2021;%;0
CAHD;Cost and Affordability of a Healthy Diet (CoAHD);710;South Africa;6226;Value;7004;Cost of a healthy diet (PPP dollar per person per day);2021;2021;PPP dollar per person per day;4.565
CAHD;Cost and Affordability of a Healthy Diet (CoAHD);710;South Africa;6121;Value;7005;Percentage of the population unable to afford a healthy diet (percent);2021;2021;%;66.7
CAHD;Cost and Affordability of a Healthy Diet (CoAHD);724;Spain;6226;Value;7004;Cost of a healthy diet (PPP dollar per person per day);2021;2021;PPP dollar per person per day;2.879
CAHD;Cost and Affordability of a Healthy Diet (CoAHD);724;Spain;6121;Value;7005;Percentage of the population unable to afford a healthy diet (percent);2021;2021;%;1.8
CAHD;Cost and Affordability of a Healthy Diet (CoAHD);144;Sri Lanka;6226;Value;7004;Cost of a healthy diet (PPP dollar per person per day);2021;2021;PPP dollar per person per day;4.268
CAHD;Cost and Affordability of a Healthy Diet (CoAHD);144;Sri Lanka;6121;Value;7005;Percentage of the population unable to afford a healthy diet (percent);2021;2021;%;55.5
CAHD;Cost and Affordability of a Healthy Diet (CoAHD);729;Sudan;6226;Value;7004;Cost of a healthy diet (PPP dollar per person per day);2021;2021;PPP dollar per person per day;3.081
CAHD;Cost and Affordability of a Healthy Diet (CoAHD);729;Sudan;6121;Value;7005;Percentage of the population unable to afford a healthy diet (percent);2021;2021;%;85.4
CAHD;Cost and Affordability of a Healthy Diet (CoAHD);740;Suriname;6226;Value;7004;Cost of a healthy diet (PPP dollar per person per day);2021;2021;PPP dollar per person per day;6.09
CAHD;Cost and Affordability of a Healthy Diet (CoAHD);740;Suriname;6121;Value;7005;Percentage of the population unable to afford a healthy diet (percent);2021;2021;%;58.6
CAHD;Cost and Affordability of a Healthy Diet (CoAHD);752;Sweden;6226;Value;7004;Cost of a healthy diet (PPP dollar per person per day);2021;2021;PPP dollar per person per day;3.279
CAHD;Cost and Affordability of a Healthy Diet (CoAHD);752;Sweden;6121;Value;7005;Percentage of the population unable to afford a healthy diet (percent);2021;2021;%;0.6
CAHD;Cost and Affordability of a Healthy Diet (CoAHD);756;Switzerland;6226;Value;7004;Cost of a healthy diet (PPP dollar per person per day);2021;2021;PPP dollar per person per day;2.619
CAHD;Cost and Affordability of a Healthy Diet (CoAHD);756;Switzerland;6121;Value;7005;Percentage of the population unable to afford a healthy diet (percent);2021;2021;%;0
CAHD;Cost and Affordability of a Healthy Diet (CoAHD);762;Tajikistan;6226;Value;7004;Cost of a healthy diet (PPP dollar per person per day);2021;2021;PPP dollar per person per day;3.61
CAHD;Cost and Affordability of a Healthy Diet (CoAHD);762;Tajikistan;6121;Value;7005;Percentage of the population unable to afford a healthy diet (percent);2021;2021;%;44.3
CAHD;Cost and Affordability of a Healthy Diet (CoAHD);764;Thailand;6226;Value;7004;Cost of a healthy diet (PPP dollar per person per day);2021;2021;PPP dollar per person per day;4.463
CAHD;Cost and Affordability of a Healthy Diet (CoAHD);764;Thailand;6121;Value;7005;Percentage of the population unable to afford a healthy diet (percent);2021;2021;%;18
CAHD;Cost and Affordability of a Healthy Diet (CoAHD);780;Trinidad and Tobago;6226;Value;7004;Cost of a healthy diet (PPP dollar per person per day);2021;2021;PPP dollar per person per day;4.524
CAHD;Cost and Affordability of a Healthy Diet (CoAHD);780;Trinidad and Tobago;6121;Value;7005;Percentage of the population unable to afford a healthy diet (percent);2021;2021;%;9.9
CAHD;Cost and Affordability of a Healthy Diet (CoAHD);788;Tunisia;6226;Value;7004;Cost of a healthy diet (PPP dollar per person per day);2021;2021;PPP dollar per person per day;3.833
CAHD;Cost and Affordability of a Healthy Diet (CoAHD);788;Tunisia;6121;Value;7005;Percentage of the population unable to afford a healthy diet (percent);2021;2021;%;17.1
CAHD;Cost and Affordability of a Healthy Diet (CoAHD);792;Turkey;6226;Value;7004;Cost of a healthy diet (PPP dollar per person per day);2021;2021;PPP dollar per person per day;3.109
CAHD;Cost and Affordability of a Healthy Diet (CoAHD);792;Turkey;6121;Value;7005;Percentage of the population unable to afford a healthy diet (percent);2021;2021;%;6
CAHD;Cost and Affordability of a Healthy Diet (CoAHD);796;Turks and Caicos Islands;6226;Value;7004;Cost of a healthy diet (PPP dollar per person per day);2021;2021;PPP dollar per person per day;3.229
CAHD;Cost and Affordability of a Healthy Diet (CoAHD);796;Turks and Caicos Islands;6121;Value;7005;Percentage of the population unable to afford a healthy diet (percent);2021;2021;%;
CAHD;Cost and Affordability of a Healthy Diet (CoAHD);800;Uganda;6226;Value;7004;Cost of a healthy diet (PPP dollar per person per day);2021;2021;PPP dollar per person per day;2.774
CAHD;Cost and Affordability of a Healthy Diet (CoAHD);800;Uganda;6121;Value;7005;Percentage of the population unable to afford a healthy diet (percent);2021;2021;%;81.7
CAHD;Cost and Affordability of a Healthy Diet (CoAHD);784;United Arab Emirates;6226;Value;7004;Cost of a healthy diet (PPP dollar per person per day);2021;2021;PPP dollar per person per day;3.269
CAHD;Cost and Affordability of a Healthy Diet (CoAHD);784;United Arab Emirates;6121;Value;7005;Percentage of the population unable to afford a healthy diet (percent);2021;2021;%;0.1
CAHD;Cost and Affordability of a Healthy Diet (CoAHD);826;United Kingdom;6226;Value;7004;Cost of a healthy diet (PPP dollar per person per day);2021;2021;PPP dollar per person per day;1.95
CAHD;Cost and Affordability of a Healthy Diet (CoAHD);826;United Kingdom;6121;Value;7005;Percentage of the population unable to afford a healthy diet (percent);2021;2021;%;0.4
CAHD;Cost and Affordability of a Healthy Diet (CoAHD);834;Tanzania;6226;Value;7004;Cost of a healthy diet (PPP dollar per person per day);2021;2021;PPP dollar per person per day;2.866
CAHD;Cost and Affordability of a Healthy Diet (CoAHD);834;Tanzania;6121;Value;7005;Percentage of the population unable to afford a healthy diet (percent);2021;2021;%;85
CAHD;Cost and Affordability of a Healthy Diet (CoAHD);840;United States;6226;Value;7004;Cost of a healthy diet (PPP dollar per person per day);2021;2021;PPP dollar per person per day;3.5
CAHD;Cost and Affordability of a Healthy Diet (CoAHD);840;United States;6121;Value;7005;Percentage of the population unable to afford a healthy diet (percent);2021;2021;%;1.2
CAHD;Cost and Affordability of a Healthy Diet (CoAHD);858;Uruguay;6226;Value;7004;Cost of a healthy diet (PPP dollar per person per day);2021;2021;PPP dollar per person per day;3.543
CAHD;Cost and Affordability of a Healthy Diet (CoAHD);858;Uruguay;6121;Value;7005;Percentage of the population unable to afford a healthy diet (percent);2021;2021;%;5.2
CAHD;Cost and Affordability of a Healthy Diet (CoAHD);704;Vietnam;6226;Value;7004;Cost of a healthy diet (PPP dollar per person per day);2021;2021;PPP dollar per person per day;4.216
CAHD;Cost and Affordability of a Healthy Diet (CoAHD);704;Vietnam;6121;Value;7005;Percentage of the population unable to afford a healthy diet (percent);2021;2021;%;21
CAHD;Cost and Affordability of a Healthy Diet (CoAHD);894;Zambia;6226;Value;7004;Cost of a healthy diet (PPP dollar per person per day);2021;2021;PPP dollar per person per day;3.616
CAHD;Cost and Affordability of a Healthy Diet (CoAHD);894;Zambia;6121;Value;7005;Percentage of the population unable to afford a healthy diet (percent);2021;2021;%;90
CAHD;Cost and Affordability of a Healthy Diet (CoAHD);716;Zimbabwe;6226;Value;7004;Cost of a healthy diet (PPP dollar per person per day);2021;2021;PPP dollar per person per day;
CAHD;Cost and Affordability of a Healthy Diet (CoAHD);716;Zimbabwe;6121;Value;7005;Percentage of the population unable to afford a healthy diet (percent);2021;2021;%;